pitcher_name,year,ERA,WAR,TBF,H,HR,BB,HBP,SO,WHIP,BABIP,FIP,LD%,GB%,FB%,IFFB%,SwStr%,Swing%
오간도,2011,3.51,3.3,693,149,16,43,7,126,1.14,0.265,3.65,0.237,0.364,0.674,0.147,0.09,0.475
험버,2011,3.75,3.2,676,151,14,41,6,116,1.18,0.275,3.58,0.168,0.471,0.458,0.094,0.092,0.463
루카스,2012,3.76,2.8,827,185,13,78,1,140,1.36,0.289,3.75,0.203,0.572,0.707,0.082,0.062,0.424
다이아몬드,2012,3.54,2.2,714,184,17,31,4,90,1.24,0.292,3.94,0.21,0.534,0.597,0.04,0.068,0.467
듀브론트,2013,4.32,2.2,705,161,13,71,5,139,1.43,0.31,3.78,0.199,0.456,0.633,0.127,0.077,0.434
스와잭,2017,2.33,2.2,303,58,6,22,2,91,1.03,0.286,2.74,0.155,0.439,0.485,0.145,0.142,0.5
듀브론트,2012,4.86,1.3,709,162,24,71,5,167,1.45,0.312,4.37,0.234,0.437,0.635,0.086,0.096,0.442
탈보트,2010,4.41,1.2,696,169,13,69,8,88,1.49,0.301,4.48,0.169,0.478,0.495,0.07,0.06,0.428
비야누에바,2011,4.04,1.2,454,103,11,32,4,68,1.26,0.271,4.1,0.219,0.356,0.462,0.151,0.078,0.433
비야누에바,2014,4.64,1.2,343,89,6,19,3,72,1.39,0.342,3.13,0.202,0.413,0.474,0.161,0.113,0.486
로저스,2010,6.13,1.2,333,94,5,26,5,66,1.67,0.385,3.44,0.211,0.522,0.635,0.081,0.097,0.452
볼스테드,2010,4.58,1.1,758,187,17,60,8,102,1.41,0.298,4.34,0.182,0.479,0.597,0.046,0.058,0.43
비야누에바,2013,4.06,1,524,117,14,40,3,103,1.22,0.283,3.86,0.214,0.4,0.436,0.049,0.103,0.449
오간도,2013,3.11,0.9,428,87,11,41,5,72,1.23,0.254,4.36,0.18,0.407,0.543,0.095,0.081,0.447
로저스,2012,4.69,0.9,348,83,7,30,5,83,1.44,0.341,3.48,0.228,0.474,0.639,0.162,0.098,0.46
오간도,2010,1.3,0.8,171,31,2,16,1,39,1.13,0.257,3.05,0.179,0.438,0.643,0.186,0.109,0.464
스와잭,2011,4.32,0.8,441,111,9,26,6,55,1.34,0.296,4.04,0.201,0.382,0.68,0.069,0.055,0.461
스와잭,2013,2.91,0.8,387,89,7,22,1,69,1.16,0.285,3.28,0.192,0.452,0.656,0.038,0.08,0.454
오간도,2012,3.27,0.8,263,49,9,17,2,66,1,0.237,3.73,0.21,0.375,0.639,0.137,0.132,0.495
앨버스,2013,4.05,0.8,249,64,6,7,2,25,1.18,0.278,3.96,0.196,0.435,0.67,0.117,0.067,0.487
레이예스,2011,5.57,0.7,641,176,21,48,7,87,1.59,0.324,4.9,0.223,0.406,0.718,0.127,0.067,0.467
에반,2010,2.14,0.7,324,53,5,31,4,70,1.05,0.224,3.45,0.161,0.567,0.591,0.153,0.105,0.49
볼스테드,2011,4.89,0.7,719,187,23,49,1,117,1.42,0.31,4.32,0.2,0.523,0.59,0.034,0.08,0.434
피노,2014,5.07,0.7,258,66,8,14,1,50,1.33,0.314,3.94,0.233,0.286,0.584,0.11,0.073,0.484
린드블럼,2011,2.73,0.7,116,21,0,10,2,28,1.04,0.276,2.35,0.194,0.278,0.585,0.211,0.095,0.472
비야누에바,2012,4.16,0.6,521,113,23,46,3,122,1.27,0.275,4.71,0.192,0.367,0.442,0.093,0.103,0.445
헤일,2013,0.82,0.6,46,11,0,1,0,14,1.09,0.355,0.78,0.233,0.633,0.716,0,0.136,0.462
맨쉽,2015,0.92,0.6,144,20,1,10,1,33,0.76,0.192,2.63,0.22,0.5,0.564,0.071,0.107,0.471
플란데,2014,5.19,0.6,241,55,5,16,2,34,1.2,0.272,4,0.201,0.582,0.62,0.05,0.071,0.44
앨버스,2017,3.51,0.5,178,43,6,10,2,37,1.29,0.301,4.13,0.266,0.336,0.647,0.098,0.08,0.521
이브랜드,2011,3.03,0.5,118,28,1,6,2,16,1.15,0.29,3.19,0.228,0.554,0.425,0.05,0.064,0.448
허프,2011,4.09,0.5,227,55,6,17,0,36,1.42,0.292,4.15,0.197,0.324,0.678,0.084,0.071,0.452
윌슨,2016,5.27,0.4,414,110,15,24,4,55,1.43,0.301,4.94,0.22,0.451,0.615,0.102,0.069,0.47
루카스,2016,4.21,0.4,208,46,4,25,4,36,1.51,0.302,4.57,0.229,0.443,0.593,0.087,0.073,0.401
스와잭,2014,4.6,0.4,378,100,5,28,0,47,1.49,0.319,3.77,0.196,0.445,0.687,0.074,0.068,0.469
듀브론트,2015,5.5,0.4,328,87,10,26,1,56,1.5,0.328,4.45,0.189,0.471,0.556,0.099,0.097,0.452
윌슨,2015,3.5,0.4,149,39,1,11,1,13,1.39,0.309,3.77,0.179,0.52,0.697,0.027,0.052,0.456
지크,2014,3.57,0.4,99,27,0,4,1,14,1.37,0.338,2.56,0.221,0.519,0.652,0.15,0.071,0.471
헥터,2014,4.75,0.3,733,180,28,56,2,123,1.37,0.29,4.83,0.214,0.38,0.515,0.091,0.094,0.48
웹스터,2014,5.03,0.3,259,58,3,28,7,36,1.46,0.297,4.35,0.214,0.46,0.603,0.115,0.111,0.461
헤일,2015,6.09,0.3,346,95,14,20,2,61,1.47,0.325,4.74,0.202,0.469,0.631,0.024,0.111,0.49
코엘로,2013,3.71,0.3,73,14,1,8,0,23,1.29,0.317,2.52,0.325,0.2,0.822,0.105,0.115,0.431
험버,2010,4.15,0.3,94,22,1,7,1,16,1.34,0.304,3.31,0.171,0.457,0.54,0.038,0.046,0.466
헥터,2011,4.47,0.3,247,63,6,22,2,45,1.51,0.331,4.09,0.256,0.409,0.564,0.153,0.096,0.486
비야누에바,2010,4.61,0.3,231,48,7,22,4,67,1.33,0.313,3.74,0.272,0.338,0.29,0.075,0.129,0.41
맨쉽,2010,5.28,0.3,124,34,3,6,0,21,1.38,0.33,3.6,0.189,0.442,0.56,0.114,0.087,0.436
샘슨,2015,6.54,0.3,251,67,7,26,0,42,1.78,0.341,4.76,0.223,0.391,0.621,0.174,0.086,0.44
클로이드,2013,6.56,0.3,282,83,7,25,1,41,1.79,0.365,4.49,0.226,0.394,0.467,0.089,0.065,0.446
세든,2012,3.67,0.3,147,35,2,13,0,18,1.4,0.289,3.94,0.25,0.414,0.585,0.154,0.095,0.467
다이아몬드,2011,5.08,0.3,181,51,3,17,0,19,1.74,0.338,4.36,0.21,0.462,0.584,0.085,0.071,0.455
린드블럼,2013,5.46,0.3,137,35,4,11,0,21,1.47,0.307,4.42,0.257,0.362,0.478,0.175,0.083,0.463
코프랜드,2015,6.46,0.3,69,24,1,2,0,6,1.7,0.383,3.59,0.367,0.45,0.663,0.091,0.06,0.441
루카스,2011,4.5,0.3,86,23,0,8,1,15,1.72,0.371,2.86,0.15,0.55,0.604,0.167,0.071,0.429
로저스,2013,4.77,0.2,598,152,21,44,6,96,1.42,0.304,4.73,0.232,0.472,0.589,0.053,0.072,0.43
비야누에바,2015,2.95,0.2,250,50,6,21,2,55,1.16,0.265,3.74,0.188,0.424,0.423,0.121,0.121,0.464
소사,2011,5.23,0.2,231,54,7,23,3,38,1.44,0.294,4.77,0.179,0.444,0.615,0.148,0.09,0.454
듀브론트,2010,4.32,0.2,113,27,3,10,1,23,1.48,0.316,4.12,0.103,0.474,0.717,0.091,0.069,0.432
이브랜드,2014,2.63,0.2,115,24,2,6,4,27,1.1,0.289,3.21,0.192,0.538,0.38,0.143,0.105,0.416
베렛,2015,3.59,0.2,190,34,6,15,2,39,1.03,0.219,4.2,0.162,0.446,0.558,0.039,0.118,0.499
오설리반,2013,3.96,0.2,118,31,0,14,1,12,1.8,0.341,3.89,0.189,0.456,0.526,0.094,0.062,0.437
린드블럼,2017,7.84,0.2,51,18,0,3,0,10,2.03,0.474,2.09,0.211,0.395,0.538,0.267,0.097,0.565
아델만,2016,4,0.1,287,64,13,20,5,47,1.21,0.252,5.3,0.182,0.364,0.634,0.042,0.097,0.49
보니야,2014,3.05,0.1,83,13,2,12,1,17,1.21,0.216,4.63,0.208,0.415,0.597,0.2,0.113,0.391
허프,2012,3.37,0.1,114,30,5,5,1,19,1.31,0.298,4.78,0.172,0.379,0.634,0.128,0.093,0.477
오설리반,2016,6.75,0.1,98,30,3,6,2,13,1.69,0.365,4.88,0.27,0.365,0.57,0.148,0.059,0.45
오간도,2014,6.84,0.1,122,33,1,15,1,22,1.92,0.386,3.81,0.193,0.349,0.677,0.053,0.095,0.46
올슨,2011,2.08,0.1,21,2,0,3,0,4,1.15,0.143,3.26,0.077,0.462,0.686,0.167,0.118,0.471
벨레스터,2010,2.57,0.1,89,15,2,11,2,28,1.24,0.283,3.51,0.114,0.568,0.622,0.071,0.145,0.42
피노,2015,3.26,0.1,82,23,2,3,0,13,1.34,0.328,3.6,0.219,0.359,0.602,0.074,0.061,0.491
스와잭,2015,3.38,0.1,61,18,1,4,0,13,1.65,0.395,3.06,0.318,0.432,0.722,0,0.106,0.51
코엘로,2010,4.76,0.1,26,4,0,5,0,5,1.59,0.25,3.96,0.313,0.125,0.878,0.333,0.1,0.418
피어밴드,2014,6.14,0.1,36,12,0,2,0,4,1.91,0.4,2.86,0.143,0.393,0.577,0.077,0.052,0.446
어윈,2013,7.71,0.1,23,6,0,4,0,4,2.14,0.4,3.9,0.214,0.643,0.505,0.5,0.043,0.419
허프,2013,5.5,0,151,33,7,9,1,31,1.12,0.252,4.61,0.239,0.404,0.561,0.179,0.107,0.484
이브랜드,2010,6.79,0,262,72,4,32,4,24,1.91,0.343,5.14,0.161,0.497,0.486,0.029,0.055,0.401
오간도,2016,3.94,0,148,32,2,23,1,29,1.72,0.323,4.4,0.217,0.391,0.692,0.111,0.094,0.452
클로이드,2012,4.91,0,138,33,8,7,2,30,1.21,0.275,5.25,0.188,0.323,0.51,0.085,0.083,0.462
서캠프,2011,5.74,0,126,32,1,17,2,13,1.84,0.333,4.68,0.275,0.341,0.513,0.114,0.055,0.387
클로이드,2017,0,0,4,2,0,0,0,1,2,0.667,1.16,0.333,0.333,0.714,0,0,0.5
에반,2011,3.48,0,100,27,1,12,0,17,1.89,0.371,3.75,0.229,0.471,0.426,0,0.082,0.458
울프,2013,4.15,0,207,58,5,15,1,21,1.53,0.321,4.54,0.266,0.473,0.656,0.114,0.063,0.471
루카스,2010,4.88,0,119,34,2,17,0,15,2.13,0.376,5.04,0.277,0.506,0.673,0.111,0.067,0.415
마야,2011,5.23,0,142,40,3,10,2,15,1.53,0.33,4.4,0.284,0.422,0.619,0.031,0.044,0.461
팻딘,2016,6.28,0,300,88,13,23,0,50,1.65,0.35,5.2,0.191,0.444,0.562,0.11,0.061,0.466
맨쉽,2014,6.65,0,105,24,1,14,0,16,1.65,0.311,4.13,0.222,0.431,0.547,0.16,0.1,0.459
해커,2011,0,0,22,4,0,4,0,2,1.5,0.25,4.53,0.188,0.563,0.655,0,0.036,0.373
볼스테드,2015,0,0,7,2,0,0,0,0,1,0.286,3.13,0,0.833,0.8,0,0.1,0.6
코프랜드,2018,0,0,5,1,0,0,0,2,0.75,0.333,0.16,0.333,0.667,0.455,0,0.182,0.636
티포드,2015,1.59,0,24,5,0,3,1,4,1.41,0.313,3.84,0.333,0.4,0.379,0,0.104,0.421
보우덴,2011,4.05,0,90,19,3,11,0,17,1.5,0.271,4.93,0.177,0.29,0.687,0.303,0.053,0.446
울프,2010,4.26,0,56,12,1,6,1,9,1.42,0.282,4.34,0.128,0.538,0.569,0,0.069,0.465
레온,2015,4.39,0,115,30,3,9,0,19,1.46,0.321,4.18,0.2,0.459,0.594,0.069,0.094,0.488
보우덴,2010,4.7,0,66,20,2,4,0,13,1.57,0.383,3.86,0.184,0.286,0.728,0,0.094,0.476
이브랜드,2012,4.73,0,145,32,3,13,5,18,1.39,0.274,4.86,0.176,0.481,0.516,0.081,0.072,0.452
해커,2012,5.59,0,45,14,2,2,1,8,1.66,0.375,5.06,0.364,0.394,0.496,0,0.092,0.489
마야,2010,5.88,0,118,30,3,11,2,12,1.58,0.3,5.16,0.231,0.33,0.49,0.075,0.066,0.44
헥터,2013,6.59,0,134,42,3,12,1,21,1.98,0.402,4.36,0.273,0.364,0.633,0.111,0.091,0.452
피가로,2010,6.75,0,69,18,1,8,0,5,1.77,0.309,4.92,0.264,0.358,0.722,0.25,0.041,0.435
어센시오,2011,6.97,0,52,16,1,5,0,8,2.03,0.395,4.19,0.289,0.395,0.484,0,0.116,0.538
루카스,2017,7.11,0,33,10,1,4,0,6,2.21,0.409,5.21,0.348,0.435,0.626,0,0.069,0.374
피가로,2014,7.27,0,38,11,2,1,0,8,1.38,0.333,4.63,0.172,0.448,0.688,0.091,0.096,0.567
레나도,2015,7.63,0,73,18,2,8,1,11,1.7,0.314,5.16,0.235,0.294,0.628,0.042,0.055,0.464
맨쉽,2011,8.1,0,19,5,0,4,0,2,2.7,0.385,5.43,0.077,0.231,0.608,0.111,0.048,0.405
토마스,2012,8.22,0,37,12,1,3,1,7,1.96,0.44,4.53,0.231,0.308,0.542,0,0.077,0.432
웨버,2012,9,0,24,10,0,2,0,1,3,0.476,4.09,0.1,0.8,0.682,0,0.012,0.435
레이예스,2016,9,0,10,3,0,1,0,0,2,0.333,4.65,0.556,0.333,0.333,0,0.056,0.5
카스티요,2017,13.5,0,8,3,0,1,0,2,3,0.6,2.41,0.6,0.4,0.5,0,0.2,0.467
다이아몬드,2016,27,0,7,2,0,2,0,0,4,0.4,9.15,0.2,0.4,0.731,0,0.039,0.385
허프,2014,3.36,-0.1,258,61,5,23,1,39,1.42,0.295,4.13,0.225,0.471,0.535,0.086,0.072,0.485
볼스테드,2012,6.31,-0.1,507,137,16,43,3,61,1.62,0.315,5.11,0.227,0.492,0.597,0.092,0.065,0.447
윌슨,2017,7.04,-0.1,70,22,3,4,1,9,1.7,0.358,5.51,0.309,0.382,0.717,0,0.087,0.46
보우덴,2013,4.3,-0.1,158,32,3,15,3,23,1.25,0.254,4.3,0.252,0.306,0.639,0.102,0.104,0.49
볼스테드,2017,4.66,-0.1,76,16,4,5,1,10,1.09,0.214,5.74,0.117,0.617,0.617,0,0.037,0.424
웹스터,2018,6,-0.1,15,2,1,1,2,3,1,0.125,8.49,0.222,0.333,0.327,0.25,0.182,0.527
로저스,2015,6.27,-0.1,153,41,5,14,2,31,1.67,0.356,4.68,0.255,0.425,0.568,0.147,0.102,0.484
스틴슨,2012,0.96,-0.1,38,7,1,5,0,3,1.29,0.207,5.45,0.167,0.467,0.724,0.091,0.059,0.428
보우덴,2012,2.95,-0.1,165,32,5,17,1,32,1.24,0.245,4.48,0.152,0.393,0.579,0.118,0.097,0.475
스틴슨,2013,3.18,-0.1,63,10,4,3,1,12,0.76,0.14,5.4,0.17,0.468,0.539,0,0.144,0.487
린드블럼,2014,3.86,-0.1,22,5,1,2,1,2,1.5,0.25,6.99,0.235,0.118,0.631,0.091,0.06,0.464
아담,2015,4.5,-0.1,10,2,1,1,1,2,1.5,0.2,10.63,0.167,0.5,0.475,0,0.1,0.425
아담,2011,5.4,-0.1,57,14,3,3,0,10,1.27,0.268,5.13,0.273,0.273,0.527,0.05,0.086,0.502
듀브론트,2011,6.1,-0.1,47,12,1,8,0,6,1.94,0.344,5.44,0.281,0.438,0.674,0.111,0.056,0.382
오설리반,2014,6.39,-0.1,52,15,3,2,0,7,1.34,0.3,5.58,0.22,0.39,0.563,0.063,0.073,0.521
에반,2012,6.75,-0.1,57,14,1,6,1,8,1.67,0.317,4.59,0.366,0.341,0.539,0.083,0.118,0.487
어윈,2014,6.75,-0.1,20,6,1,2,1,2,2,0.357,7.63,0.267,0.333,0.699,0.333,0.072,0.434
스틴슨,2011,6.92,-0.1,57,14,1,7,0,8,1.62,0.317,4.41,0.275,0.425,0.644,0,0.051,0.386
어센시오,2013,7.71,-0.1,12,3,1,2,0,4,2.14,0.4,7.76,0,0.667,0.26,0,0.111,0.4
후랭코프,2017,9,-0.1,9,4,1,0,0,2,2,0.5,7.66,0.143,0.429,0.541,0,0.054,0.405
휠러,2017,9,-0.1,18,6,1,4,0,0,3.33,0.385,11.49,0.286,0.5,0.589,0,0.036,0.464
볼스테드,2013,10.8,-0.1,47,19,1,1,2,3,2.4,0.45,4.97,0.268,0.415,0.67,0,0.055,0.492
플란데,2016,12.27,-0.1,20,8,0,3,0,0,3,0.471,5.6,0.313,0.5,0.483,0,0.032,0.362
코엘로,2012,12.79,-0.1,33,10,2,4,1,11,2.21,0.533,6.09,0.294,0.118,0.818,0,0.136,0.462
헤일,2016,13.5,-0.1,12,4,1,2,0,1,3,0.375,11.65,0.25,0.25,0.638,0,0.063,0.532
오간도,2018,18,-0.1,8,2,0,3,0,1,5,0.5,10.16,0.5,0.25,0.677,0,0.065,0.419
레이예스,2010,24.3,-0.1,23,10,2,3,0,2,3.9,0.5,12.38,0.278,0.333,0.554,0,0.054,0.446
헤일,2014,3.3,-0.2,383,89,5,39,3,44,1.47,0.288,4.31,0.186,0.56,0.663,0.122,0.088,0.457
오설리반,2010,5.49,-0.2,368,90,15,31,1,43,1.45,0.27,5.53,0.17,0.408,0.567,0.115,0.06,0.414
로저스,2014,5.72,-0.2,202,50,8,17,2,44,1.47,0.321,4.73,0.199,0.375,0.547,0.052,0.09,0.445
탈보트,2011,6.64,-0.2,299,90,10,28,3,36,1.85,0.36,5.4,0.246,0.425,0.448,0.12,0.049,0.446
리즈,2015,4.24,-0.2,106,26,4,12,3,27,1.63,0.367,4.98,0.349,0.349,0.69,0.158,0.103,0.461
어센시오,2012,4.91,-0.2,175,39,5,19,1,29,1.44,0.281,4.76,0.24,0.408,0.41,0.091,0.099,0.454
세든,2010,5.64,-0.2,95,21,4,10,0,16,1.39,0.262,5.32,0.159,0.478,0.618,0.12,0.096,0.442
웨버,2013,2.4,-0.2,61,12,2,8,0,10,1.33,0.244,5.05,0.209,0.535,0.523,0,0.084,0.405
앨버스,2015,3.37,-0.2,11,1,1,2,0,1,1.12,0,9.51,0.25,0.5,0.371,0,0.029,0.343
올슨,2010,4.54,-0.2,172,42,6,15,0,31,1.51,0.3,4.7,0.218,0.371,0.563,0.098,0.079,0.463
헤일,2018,4.61,-0.2,62,16,3,5,1,8,1.54,0.289,6.16,0.208,0.417,0.482,0.167,0.102,0.513
레일리,2013,5.14,-0.2,61,11,2,8,2,14,1.36,0.257,5.05,0.278,0.472,0.587,0.111,0.089,0.426
이브랜드,2015,5.4,-0.2,18,5,1,3,0,4,2.4,0.4,7.33,0.273,0.364,0.464,0,0.115,0.429
지크,2013,5.56,-0.2,55,17,3,5,1,9,1.94,0.378,6.49,0.211,0.395,0.675,0.2,0.091,0.472
앨버스,2016,5.82,-0.2,85,27,5,6,0,16,1.94,0.379,6.15,0.222,0.476,0.663,0,0.064,0.457
토마스,2010,6.23,-0.2,62,21,3,5,0,5,2,0.367,6.46,0.235,0.275,0.517,0.04,0.055,0.479
스틴슨,2014,6.23,-0.2,61,16,2,6,2,6,1.69,0.311,6.06,0.17,0.511,0.623,0.133,0.076,0.47
헥터,2015,6.89,-0.2,154,41,7,17,1,22,1.78,0.318,6.23,0.184,0.395,0.541,0.229,0.112,0.5
맨쉽,2013,7.04,-0.2,139,37,6,12,0,18,1.6,0.301,5.59,0.259,0.454,0.565,0.097,0.083,0.445
레온,2016,7.71,-0.2,11,3,1,1,0,2,1.71,0.286,8.29,0.125,0.5,0.587,0,0.109,0.457
험버,2013,7.9,-0.2,259,75,9,20,1,36,1.74,0.342,5.02,0.213,0.437,0.572,0.029,0.093,0.472
아담,2012,8.18,-0.2,55,21,4,3,0,7,2.18,0.415,7.37,0.182,0.386,0.521,0.053,0.067,0.469
클로이드,2018,8.66,-0.2,87,25,3,10,1,13,1.98,0.367,5.76,0.286,0.286,0.533,0.074,0.066,0.467
허프,2015,9,-0.2,30,11,2,1,1,4,2,0.409,7.13,0.227,0.5,0.66,0.167,0.085,0.5
루카스,2014,9.49,-0.2,66,19,2,9,0,9,2.27,0.37,5.97,0.271,0.5,0.646,0.091,0.056,0.371
서캠프,2015,10.8,-0.2,16,4,2,1,2,4,1.5,0.286,11.23,0.375,0.375,0.549,0,0.157,0.431
다이아몬드,2013,5.43,-0.3,576,163,21,36,1,52,1.52,0.305,5.19,0.213,0.469,0.653,0.052,0.058,0.454
험버,2012,6.44,-0.3,462,113,23,44,4,85,1.54,0.294,5.77,0.222,0.349,0.526,0.079,0.079,0.436
니퍼트,2010,4.29,-0.3,262,61,7,34,5,47,1.68,0.32,5.09,0.267,0.32,0.666,0.099,0.082,0.423
듀브론트,2014,5.54,-0.3,364,91,12,33,2,51,1.56,0.297,5.13,0.225,0.38,0.578,0.112,0.07,0.429
맨쉽,2016,3.12,-0.3,189,40,7,22,0,36,1.43,0.266,5.11,0.13,0.511,0.51,0.085,0.114,0.428
티포드,2011,3.27,-0.3,175,36,8,14,1,28,1.14,0.226,5.14,0.238,0.446,0.47,0.122,0.081,0.458
베렛,2017,4.22,-0.3,47,11,3,3,2,9,1.31,0.267,6.53,0.133,0.367,0.494,0,0.147,0.494
서캠프,2014,4.81,-0.3,107,22,3,13,1,20,1.44,0.271,4.82,0.203,0.406,0.426,0.074,0.086,0.413
허프,2010,6.21,-0.3,369,101,14,34,3,37,1.69,0.31,5.83,0.206,0.364,0.649,0.136,0.055,0.441
스와잭,2016,5.52,-0.3,124,28,10,7,1,31,1.13,0.24,6.11,0.107,0.464,0.482,0.194,0.096,0.473
벨레스터,2015,7.47,-0.3,77,17,3,13,1,13,1.91,0.298,6.64,0.16,0.28,0.718,0.071,0.104,0.429
산체스,2017,8.76,-0.3,54,16,5,1,0,10,1.38,0.289,7.05,0.186,0.419,0.481,0,0.13,0.514
샘슨,2016,4.35,-0.3,188,40,9,27,2,42,1.7,0.287,6.2,0.183,0.383,0.58,0.06,0.102,0.403
맨쉽,2012,7.89,-0.3,98,29,4,7,1,12,1.66,0.338,5.49,0.208,0.506,0.537,0.045,0.083,0.471
서캠프,2013,23.62,-0.3,18,9,2,0,2,0,3.37,0.5,15.05,0.25,0.188,0.571,0.111,0.071,0.5
로저스,2011,7.05,-0.4,404,110,14,47,6,63,1.89,0.35,5.62,0.224,0.423,0.596,0.071,0.072,0.459
아델만,2017,5.52,-0.4,531,124,29,51,6,108,1.43,0.282,5.87,0.19,0.344,0.583,0.084,0.108,0.471
피가로,2013,4.14,-0.4,316,77,15,15,1,54,1.24,0.268,4.87,0.193,0.487,0.664,0.053,0.076,0.484
스와잭,2012,5.03,-0.4,413,106,15,31,0,62,1.42,0.298,4.79,0.212,0.434,0.656,0.054,0.075,0.458
벨레스터,2011,4.54,-0.4,159,38,7,14,1,34,1.46,0.301,4.93,0.194,0.417,0.691,0.048,0.072,0.427
티포드,2012,4.99,-0.4,263,68,11,21,2,35,1.45,0.294,5.41,0.202,0.438,0.41,0.096,0.077,0.446
볼스테드,2018,6.27,-0.4,215,65,9,12,3,29,1.63,0.346,5.36,0.182,0.553,0.659,0.089,0.051,0.43
보니야,2017,8.1,-0.4,172,42,8,22,2,28,1.75,0.304,6.43,0.219,0.43,0.498,0.05,0.118,0.473
레일리,2012,8.14,-0.4,116,33,7,11,0,16,1.81,0.317,6.88,0.23,0.379,0.496,0.088,0.099,0.441
에반,2014,5.79,-0.4,107,26,3,11,2,16,1.59,0.307,5.1,0.219,0.493,0.316,0.048,0.078,0.474
스와잭,2018,6.15,-0.4,116,28,6,14,1,31,1.59,0.344,5.48,0.275,0.304,0.534,0.069,0.09,0.436
이브랜드,2016,9,-0.4,119,32,3,19,3,21,2.22,0.397,5.89,0.224,0.474,0.497,0,0.076,0.409
허프,2016,11.81,-0.4,32,13,4,2,0,3,2.81,0.391,12.9,0.269,0.5,0.565,0,0.056,0.472
플란데,2015,4.74,-0.5,296,73,14,25,1,43,1.43,0.277,5.68,0.159,0.591,0.54,0.036,0.076,0.436
벨레스터,2012,6.5,-0.5,83,14,5,11,3,12,1.39,0.173,7.71,0.161,0.321,0.684,0.069,0.077,0.418
웹스터,2013,8.6,-0.5,145,37,7,18,2,23,1.81,0.316,6.51,0.206,0.431,0.617,0.135,0.127,0.458
서캠프,2016,6.98,-0.5,197,55,8,21,5,22,1.97,0.333,6.72,0.284,0.324,0.533,0.121,0.067,0.439
아담,2017,9,-0.5,74,24,6,9,0,8,2.36,0.353,9.51,0.167,0.389,0.55,0,0.089,0.457
베렛,2016,5.2,-0.6,406,100,16,43,4,66,1.56,0.303,5.51,0.227,0.441,0.562,0.032,0.086,0.47
헥터,2012,5.82,-0.6,453,107,21,39,2,68,1.37,0.266,5.53,0.178,0.37,0.604,0.092,0.093,0.482
비야누에바,2016,5.96,-0.6,321,89,17,14,3,61,1.39,0.319,5.17,0.242,0.421,0.457,0.123,0.11,0.474
레나도,2014,4.81,-0.7,170,39,10,16,0,15,1.4,0.225,6.89,0.141,0.341,0.66,0.143,0.05,0.436
린드블럼,2012,3.55,-0.7,304,61,13,35,4,70,1.35,0.264,5.15,0.205,0.358,0.648,0.181,0.103,0.466
오설리반,2011,7.25,-0.7,273,78,10,26,2,19,1.78,0.315,6.04,0.21,0.397,0.574,0.035,0.051,0.424
오설리반,2015,6.08,-0.7,328,94,16,20,6,35,1.61,0.311,6.18,0.19,0.415,0.578,0.049,0.062,0.461
루카스,2013,5.86,-0.8,707,174,20,88,6,89,1.7,0.306,5.42,0.211,0.515,0.718,0.121,0.051,0.389
레나도,2016,9.48,-0.8,151,36,10,20,0,18,1.79,0.252,8.06,0.143,0.402,0.566,0.118,0.053,0.462
오간도,2015,3.99,-0.9,277,59,12,28,3,53,1.33,0.26,5.32,0.205,0.421,0.637,0.141,0.112,0.478
웹스터,2015,5.81,-0.9,142,32,10,20,2,17,1.68,0.237,8.36,0.149,0.465,0.626,0.154,0.101,0.46
버틀러,2017,3.95,0.6,237,50,4,28,2,30,1.43,0.266,4.66,0.224,0.443,0.661,0.138,0.072,0.465
터너,2014,6.13,0.5,501,148,12,33,1,71,1.6,0.354,4.16,0.208,0.491,0.636,0.052,0.08,0.461
터너,2013,3.74,0.3,514,116,11,54,4,77,1.44,0.285,4.43,0.195,0.457,0.675,0.047,0.083,0.454
맥과이어,2017,2.63,0.3,56,10,1,2,1,11,0.88,0.22,3.16,0.119,0.286,0.638,0.08,0.095,0.448
터너,2012,4.42,0.2,231,50,9,16,0,36,1.2,0.241,4.79,0.192,0.452,0.566,0.079,0.096,0.454
서폴드,2016,7.45,0.2,49,17,0,3,1,10,2.07,0.486,2.32,0.257,0.543,0.556,0,0.111,0.497
켈리,2016,5.82,0.2,102,30,1,7,2,7,1.71,0.341,4.35,0.155,0.452,0.68,0.212,0.067,0.512
루친스키,2018,4.33,0.1,154,34,2,13,4,27,1.33,0.296,3.81,0.185,0.481,0.482,0.056,0.119,0.516
켈리,2018,3.04,0.1,104,28,3,5,1,16,1.39,0.316,4.22,0.183,0.488,0.528,0.111,0.099,0.509
루친스키,2014,4.91,0.1,34,9,0,2,1,8,1.5,0.391,2.18,0.217,0.435,0.484,0.25,0.095,0.413
버틀러,2016,7.17,0,293,87,13,21,3,47,1.69,0.354,5.44,0.245,0.458,0.607,0.078,0.076,0.461
톰슨,2018,4.96,0,76,14,1,11,0,14,1.53,0.26,4.26,0.191,0.447,0.35,0,0.091,0.448
쿠에바스,2016,3.6,0,24,5,0,6,0,3,2.2,0.333,5.55,0.357,0.214,0.582,0.333,0.082,0.388
윌랜드,2012,4.55,0,119,26,5,9,1,24,1.27,0.263,4.79,0.205,0.41,0.573,0.031,0.088,0.451
헤일리,2017,6,0,81,22,3,6,1,14,1.56,0.333,4.94,0.367,0.383,0.649,0.133,0.061,0.47
켈리,2015,7.94,0,56,19,1,3,1,7,1.94,0.409,4.1,0.318,0.432,0.617,0,0.065,0.448
채드벨,2018,8.59,0,36,14,1,2,0,7,2.18,0.5,3.84,0.296,0.444,0.447,0,0.114,0.455
윌랜드,2016,10.8,0,23,9,1,0,0,3,1.8,0.421,4.55,0.25,0.5,0.557,0,0.091,0.511
톰슨,2017,3.88,-0.1,210,50,9,22,5,35,1.55,0.295,5.92,0.156,0.463,0.511,0.071,0.076,0.425
켈리,2012,6.21,-0.1,136,39,5,10,2,26,1.69,0.366,4.78,0.168,0.558,0.653,0.115,0.101,0.437
버틀러,2014,6.75,-0.1,76,23,2,7,0,3,1.88,0.328,5.69,0.25,0.516,0.639,0.067,0.046,0.478
터너,2011,8.53,-0.1,60,17,3,4,1,8,1.66,0.318,6.03,0.196,0.413,0.531,0.056,0.079,0.423
루친스키,2017,10.38,-0.1,23,10,2,2,0,5,2.77,0.571,8.23,0.125,0.563,0.398,0.2,0.091,0.477
요키시,2014,1.88,-0.2,66,18,3,4,0,10,1.53,0.306,5.3,0.235,0.51,0.582,0.077,0.084,0.466
헤일리,2018,4.7,-0.2,35,10,2,3,0,0,1.7,0.267,7.73,0.125,0.469,0.581,0.077,0.047,0.481
쿠에바스,2018,7.41,-0.2,84,20,3,11,4,20,1.82,0.37,5.75,0.188,0.5,0.376,0.067,0.135,0.463
루친스키,2015,7.71,-0.2,35,10,1,6,1,4,2.29,0.391,6.85,0.208,0.458,0.641,0,0.058,0.392
윌랜드,2015,8.31,-0.2,40,10,2,5,0,4,1.73,0.276,6.94,0.29,0.387,0.625,0.2,0.045,0.401
서폴드,2017,4.88,-0.3,280,64,9,31,6,44,1.52,0.289,5.39,0.203,0.431,0.515,0.125,0.078,0.453
버틀러,2015,5.9,-0.3,370,102,13,42,4,44,1.82,0.333,5.89,0.221,0.5,0.646,0.092,0.069,0.451
알칸타라,2017,7.13,-0.3,108,22,5,12,3,12,1.42,0.224,6.74,0.188,0.488,0.617,0.038,0.081,0.457
윌랜드,2014,7.15,-0.3,54,16,3,5,0,8,1.85,0.342,6.49,0.22,0.366,0.67,0,0.079,0.4
채드벨,2017,6.93,-0.3,293,81,12,31,3,57,1.8,0.363,5.47,0.208,0.45,0.584,0.058,0.088,0.458
터너,2018,20.25,-0.3,46,19,2,6,0,3,3.75,0.486,8.86,0.189,0.405,0.624,0.133,0.062,0.469
톰슨,2016,5.7,-0.4,237,53,10,28,4,32,1.51,0.264,6.17,0.169,0.464,0.498,0.098,0.066,0.412
터너,2017,5.08,-0.4,170,43,8,15,1,23,1.49,0.285,5.88,0.186,0.434,0.662,0.061,0.06,0.464
서폴드,2018,4.46,-0.5,158,41,6,13,2,16,1.57,0.289,5.81,0.285,0.415,0.406,0.081,0.061,0.44
터너,2016,6.57,-0.5,122,33,5,16,2,18,1.99,0.346,6.51,0.267,0.512,0.657,0,0.079,0.462
알칸타라,2016,7.25,-0.6,103,31,9,4,4,14,1.57,0.306,8.21,0.173,0.395,0.661,0.086,0.061,0.461
맥과이어,2018,6.16,-0.7,177,38,9,26,5,33,1.68,0.279,6.95,0.257,0.363,0.564,0.093,0.091,0.434
버틀러,2018,5.62,-0.8,228,59,11,19,2,29,1.57,0.287,6.14,0.182,0.517,0.645,0.057,0.065,0.486
